id,conversation_id,created_at,date,time,timezone,user_id,username,name,place,tweet,language,mentions,urls,photos,replies_count,retweets_count,likes_count,hashtags,cashtags,link,retweet,quote_url,video,thumbnail,near,geo,source,user_rt_id,user_rt,retweet_id,reply_to,retweet_date,translate,trans_src,trans_dest
1401012211783409664,1401012211783409664,2021-06-05 11:05:15 WITA,2021-06-05,11:05:15,+0800,1929502170,ngiqiq,putrahadisyah,,"client ngga jelas, dah bye",in,[],[],[],0,0,1,[],[],https://twitter.com/ngiqiq/status/1401012211783409664,False,,0,,,,,,,,[],,,,
1399224208807251971,1399209918763192327,2021-05-31 12:40:22 WITA,2021-05-31,12:40:22,+0800,1929502170,ngiqiq,putrahadisyah,,"@fandikaokdiba Impiankuuuuh, wkwkwk",in,[],[],[],0,0,1,[],[],https://twitter.com/ngiqiq/status/1399224208807251971,False,,0,,,,,,,,"[{'screen_name': 'fandikaokdiba', 'name': 'Fandika Okdiba', 'id': '1015048636890210304'}]",,,,
1399223997598879751,1399188087784099843,2021-05-31 12:39:32 WITA,2021-05-31,12:39:32,+0800,1929502170,ngiqiq,putrahadisyah,,@albenft @asepwhite @ayshzkh  https://t.co/oyUVbEA1Vj,und,[],[],['https://pbs.twimg.com/tweet_video_thumb/E2sKzdwVUAIDFxC.jpg'],1,0,0,[],[],https://twitter.com/ngiqiq/status/1399223997598879751,False,,1,https://pbs.twimg.com/tweet_video_thumb/E2sKzdwVUAIDFxC.jpg,,,,,,,"[{'screen_name': 'albenft', 'name': 'üíªworkaholicüíº (harapannya)', 'id': '308473841'}, {'screen_name': 'asepwhite', 'name': 'Akbar Septriyan', 'id': '597311911'}]",,,,
1395738664370458626,1395715863307636742,2021-05-21 21:50:03 WITA,2021-05-21,21:50:03,+0800,1929502170,ngiqiq,putrahadisyah,,"@syifahayhay Alhamdulillah, siyaaap, semoga ttp aman y Syiiiif",in,[],[],[],0,0,1,[],[],https://twitter.com/ngiqiq/status/1395738664370458626,False,,0,,,,,,,,"[{'screen_name': 'syifahayhay', 'name': 'Hayhay üê•üå±', 'id': '566814029'}]",,,,
1395722474965196803,1395715863307636742,2021-05-21 20:45:43 WITA,2021-05-21,20:45:43,+0800,1929502170,ngiqiq,putrahadisyah,,@syifahayhay Stay safeee Syiiif,in,[],[],[],1,0,1,[],[],https://twitter.com/ngiqiq/status/1395722474965196803,False,,0,,,,,,,,"[{'screen_name': 'syifahayhay', 'name': 'Hayhay üê•üå±', 'id': '566814029'}]",,,,
1395714531976880133,1395710249928073222,2021-05-21 20:14:10 WITA,2021-05-21,20:14:10,+0800,1929502170,ngiqiq,putrahadisyah,,@ninanursita Wkwkwk sama bgttttt Niiin,in,[],[],[],0,0,0,[],[],https://twitter.com/ngiqiq/status/1395714531976880133,False,,0,,,,,,,,"[{'screen_name': 'ninanursita', 'name': 'Nina N. Ramadhan', 'id': '1008595763234988032'}]",,,,
1395710249928073222,1395710249928073222,2021-05-21 19:57:09 WITA,2021-05-21,19:57:09,+0800,1929502170,ngiqiq,putrahadisyah,,"laper, tp masih bsa produktif ü§ü",in,[],[],[],1,0,0,[],[],https://twitter.com/ngiqiq/status/1395710249928073222,False,,0,,,,,,,,[],,,,
1394791739261558784,1394682944317386755,2021-05-19 07:07:19 WITA,2021-05-19,07:07:19,+0800,1929502170,ngiqiq,putrahadisyah,,@WadaNiswah Y nggalaaah,in,[],[],[],1,0,0,[],[],https://twitter.com/ngiqiq/status/1394791739261558784,False,,0,,,,,,,,"[{'screen_name': 'WadaNiswah', 'name': 'MN', 'id': '86656705'}]",,,,
1394763982385270785,1394682944317386755,2021-05-19 05:17:01 WITA,2021-05-19,05:17:01,+0800,1929502170,ngiqiq,putrahadisyah,,@WadaNiswah Hihiiiw sabiiiw üëç,ht,[],[],[],1,0,0,[],[],https://twitter.com/ngiqiq/status/1394763982385270785,False,,0,,,,,,,,"[{'screen_name': 'WadaNiswah', 'name': 'MN', 'id': '86656705'}]",,,,
1393941470034292742,1393932520320761856,2021-05-16 22:48:39 WITA,2021-05-16,22:48:39,+0800,1929502170,ngiqiq,putrahadisyah,,"@iniakuenun wkwkw yg beneer dicocol, terus diminum cukonya lgs dri tempatnya (cuko ma pempek di wadah terpisah)",in,[],[],[],0,0,0,[],[],https://twitter.com/ngiqiq/status/1393941470034292742,False,,0,,,,,,,,"[{'screen_name': 'iniakuenun', 'name': 'Aku Enun. Kita temen?', 'id': '159759174'}]",,,,
1393471533289381889,1393467315388227585,2021-05-15 15:41:17 WITA,2021-05-15,15:41:17,+0800,1929502170,ngiqiq,putrahadisyah,,@ninanursita Untuk mendapatkan suatu formula,in,[],[],[],0,0,0,[],[],https://twitter.com/ngiqiq/status/1393471533289381889,False,,0,,,,,,,,"[{'screen_name': 'ninanursita', 'name': 'Nina N. Ramadhan', 'id': '1008595763234988032'}]",,,,
1393076256694935553,1392817192027136001,2021-05-14 13:30:36 WITA,2021-05-14,13:30:36,+0800,1929502170,ngiqiq,putrahadisyah,,@adeliaut HAHAHA blom makan opooor üòÖ,nl,[],[],[],0,0,0,[],[],https://twitter.com/ngiqiq/status/1393076256694935553,False,,0,,,,,,,,"[{'screen_name': 'adeliaut', 'name': 'üçÄ', 'id': '211110296'}]",,,,
1392824903389220864,1392817192027136001,2021-05-13 20:51:49 WITA,2021-05-13,20:51:49,+0800,1929502170,ngiqiq,putrahadisyah,,"@adeliaut Wkwkk Deeel, mohon maaf lahir batin Deel. Met lebaraaan",in,[],[],[],1,0,0,[],[],https://twitter.com/ngiqiq/status/1392824903389220864,False,,0,,,,,,,,"[{'screen_name': 'adeliaut', 'name': 'üçÄ', 'id': '211110296'}]",,,,
1392799957006966789,1392794144200749057,2021-05-13 19:12:41 WITA,2021-05-13,19:12:41,+0800,1929502170,ngiqiq,putrahadisyah,,"@marantinafy Mohon maaf lahir batin Tinaaa, selamat lebaraaan",in,[],[],[],1,0,0,[],[],https://twitter.com/ngiqiq/status/1392799957006966789,False,,0,,,,,,,,"[{'screen_name': 'marantinafy', 'name': 'Marantina', 'id': '110031934'}]",,,,
1391787459214643201,1391787459214643201,2021-05-11 00:09:23 WITA,2021-05-11,00:09:23,+0800,1929502170,ngiqiq,putrahadisyah,,Harus freshcare-in pinggang sebelum bekerja,in,[],[],[],0,0,0,[],[],https://twitter.com/ngiqiq/status/1391787459214643201,False,https://twitter.com/dwikiaprinaldi/status/1391406948243828738,0,,,,,,,,[],,,,
1390216037166063621,1390216037166063621,2021-05-06 16:05:06 WITA,2021-05-06,16:05:06,+0800,1929502170,ngiqiq,putrahadisyah,,Map mana Im Sal? @aimabdhakim @salsanads,tl,"[{'screen_name': 'aimabdhakim', 'name': 'abdul hakim', 'id': '1106162078'}, {'screen_name': 'salsanads', 'name': 'salsabila nadhifah', 'id': '44108962'}]",[],[],1,0,0,[],[],https://twitter.com/ngiqiq/status/1390216037166063621,False,https://twitter.com/memefess/status/1390085165238546433,0,,,,,,,,[],,,,
1388234071180935172,1388183426151321600,2021-05-01 04:49:29 WITA,2021-05-01,04:49:29,+0800,1929502170,ngiqiq,putrahadisyah,,@salsanads Selamat Anda kena praaank,in,[],[],[],0,0,0,[],[],https://twitter.com/ngiqiq/status/1388234071180935172,False,,0,,,,,,,,"[{'screen_name': 'salsanads', 'name': 'Salsabila Nadhifah', 'id': '44108962'}]",,,,
1388075389872918533,1388074051151745027,2021-04-30 18:18:56 WITA,2021-04-30,18:18:56,+0800,1929502170,ngiqiq,putrahadisyah,,"oh, buat gue belajar aja, wkwkwk",in,[],[],[],0,0,0,[],[],https://twitter.com/ngiqiq/status/1388075389872918533,False,,0,,,,,,,,[],,,,
1388075250370367492,1388074051151745027,2021-04-30 18:18:23 WITA,2021-04-30,18:18:23,+0800,1929502170,ngiqiq,putrahadisyah,,ini gue kerjain buat apa daaaah,in,[],[],[],1,0,0,[],[],https://twitter.com/ngiqiq/status/1388075250370367492,False,,0,,,,,,,,[],,,,
1388074051151745027,1388074051151745027,2021-04-30 18:13:37 WITA,2021-04-30,18:13:37,+0800,1929502170,ngiqiq,putrahadisyah,,HAHAHA ngga ada hasilnya. Jleb,in,[],[],[],1,0,0,[],[],https://twitter.com/ngiqiq/status/1388074051151745027,False,https://twitter.com/kristoimmanuel/status/1387698584821374976,0,,,,,,,,[],,,,
1387223118825984000,1387219110711410689,2021-04-28 09:52:19 WITA,2021-04-28,09:52:19,+0800,1929502170,ngiqiq,putrahadisyah,,@ibnusfirdaus_ Nangiiis  https://t.co/WxbWzTgF83,in,[],[],['https://pbs.twimg.com/tweet_video_thumb/E0BoEXxVkAQgubs.jpg'],0,0,0,[],[],https://twitter.com/ngiqiq/status/1387223118825984000,False,,1,https://pbs.twimg.com/tweet_video_thumb/E0BoEXxVkAQgubs.jpg,,,,,,,"[{'screen_name': 'ibnusfirdaus_', 'name': 'Ibnu Firdaus', 'id': '1065443996455989250'}]",,,,
1386797016546611203,1386699916068593669,2021-04-27 05:39:08 WITA,2021-04-27,05:39:08,+0800,1929502170,ngiqiq,putrahadisyah,,"@WadaNiswah Santaai, gue lowkeeey kok. üòõ",in,[],[],[],0,0,0,[],[],https://twitter.com/ngiqiq/status/1386797016546611203,False,,0,,,,,,,,"[{'screen_name': 'WadaNiswah', 'name': 'MN', 'id': '86656705'}]",,,,
1386727767111208962,1386699916068593669,2021-04-27 01:03:58 WITA,2021-04-27,01:03:58,+0800,1929502170,ngiqiq,putrahadisyah,,@WadaNiswah Lowkeeeeeyyyyy tai  https://t.co/G476kRk6nF,en,[],[],['https://pbs.twimg.com/tweet_video_thumb/Ez6ljHAVIAM4zjN.jpg'],1,0,0,[],[],https://twitter.com/ngiqiq/status/1386727767111208962,False,,1,https://pbs.twimg.com/tweet_video_thumb/Ez6ljHAVIAM4zjN.jpg,,,,,,,"[{'screen_name': 'WadaNiswah', 'name': 'MN', 'id': '86656705'}]",,,,
1385555898660102148,1385552303361458176,2021-04-23 19:27:23 WITA,2021-04-23,19:27:23,+0800,1929502170,ngiqiq,putrahadisyah,,"@de_kngsh Di rumaah Deee, di Balikpapan. HAHAHAHA, balik kampuuung dah setauun",in,[],[],[],0,0,0,[],[],https://twitter.com/ngiqiq/status/1385555898660102148,False,,0,,,,,,,,"[{'screen_name': 'de_kngsh', 'name': 'dekaaa~', 'id': '3163654041'}]",,,,
1385554900583555079,1385552303361458176,2021-04-23 19:23:25 WITA,2021-04-23,19:23:25,+0800,1929502170,ngiqiq,putrahadisyah,,"@de_kngsh Alhamdulillah baik Deeeeee, Deeeeedee apa kabaaaar?",in,[],[],[],1,0,0,[],[],https://twitter.com/ngiqiq/status/1385554900583555079,False,,0,,,,,,,,"[{'screen_name': 'de_kngsh', 'name': 'dekaaa~', 'id': '3163654041'}]",,,,
1385553829236670464,1385552303361458176,2021-04-23 19:19:09 WITA,2021-04-23,19:19:09,+0800,1929502170,ngiqiq,putrahadisyah,,@de_kngsh  https://t.co/b33qPMMcJe,und,[],[],['https://pbs.twimg.com/tweet_video_thumb/Ezp526-VEAAo_lD.jpg'],1,0,0,[],[],https://twitter.com/ngiqiq/status/1385553829236670464,False,,1,https://pbs.twimg.com/tweet_video_thumb/Ezp526-VEAAo_lD.jpg,,,,,,,[],,,,
1385552303361458176,1385552303361458176,2021-04-23 19:13:06 WITA,2021-04-23,19:13:06,+0800,1929502170,ngiqiq,putrahadisyah,,Dapat janji manis dari mantan dalam mimpi,in,[],[],[],1,0,0,[],[],https://twitter.com/ngiqiq/status/1385552303361458176,False,https://twitter.com/bibitid/status/1385536672855515137,0,,,,,,,,[],,,,
1382223148075024385,1382188717935259650,2021-04-14 14:44:13 WITA,2021-04-14,14:44:13,+0800,1929502170,ngiqiq,putrahadisyah,,"@hafizhrafizal @mpitsky wkwkw, jd inget rapat babe",in,[],[],[],0,0,0,[],[],https://twitter.com/ngiqiq/status/1382223148075024385,False,,0,,,,,,,,"[{'screen_name': 'hafizhrafizal', 'name': 'Hafizh Rafizal Adnan ÌïòÌîºÏä§', 'id': '996710727149735936'}, {'screen_name': 'mpitsky', 'name': 'Annisaa Fitri Shabrina', 'id': '43089825'}]",,,,
1379677503736803329,1379650300215058435,2021-04-07 14:08:44 WITA,2021-04-07,14:08:44,+0800,1929502170,ngiqiq,putrahadisyah,,"@iniakuenun wkwk iyaaak, hanya bs menjadi yes man",in,[],[],[],0,0,0,[],[],https://twitter.com/ngiqiq/status/1379677503736803329,False,,0,,,,,,,,"[{'screen_name': 'iniakuenun', 'name': 'Aku Enun. Kita temen?', 'id': '159759174'}]",,,,
1379669431580647426,1379650300215058435,2021-04-07 13:36:40 WITA,2021-04-07,13:36:40,+0800,1929502170,ngiqiq,putrahadisyah,,"@iniakuenun ""yaudahlah ya""",in,[],[],[],1,0,0,[],[],https://twitter.com/ngiqiq/status/1379669431580647426,False,,0,,,,,,,,"[{'screen_name': 'iniakuenun', 'name': 'Aku Enun. Kita temen?', 'id': '159759174'}]",,,,
1379669142710538250,1379650300215058435,2021-04-07 13:35:31 WITA,2021-04-07,13:35:31,+0800,1929502170,ngiqiq,putrahadisyah,,"@silviaatar bener sih Piii, tpi out of scope kerjaan gue",in,[],[],[],0,0,0,[],[],https://twitter.com/ngiqiq/status/1379669142710538250,False,,0,,,,,,,,"[{'screen_name': 'silviaatar', 'name': 'üôÇ', 'id': '84367293'}]",,,,
1379652146673590273,1379650300215058435,2021-04-07 12:27:59 WITA,2021-04-07,12:27:59,+0800,1929502170,ngiqiq,putrahadisyah,,"@salsanads bobo, tapi digentanyin gimana tuh Sal?",in,[],[],[],0,0,0,[],[],https://twitter.com/ngiqiq/status/1379652146673590273,False,,0,,,,,,,,"[{'screen_name': 'salsanads', 'name': 'Salsabila Nadhifah', 'id': '44108962'}]",,,,
1379650300215058435,1379650300215058435,2021-04-07 12:20:38 WITA,2021-04-07,12:20:38,+0800,1929502170,ngiqiq,putrahadisyah,,"ngerjain proyek besar yg belum begitu jelas mau dibawa ke mana, enaknya mesti ngapain ya",in,[],[],[],3,0,0,[],[],https://twitter.com/ngiqiq/status/1379650300215058435,False,,0,,,,,,,,[],,,,
1378684801234862087,1378684801234862087,2021-04-04 20:24:05 WITA,2021-04-04,20:24:05,+0800,1929502170,ngiqiq,putrahadisyah,,mata perih karena hiburanku hanya berpindah dari satu layar ke layar lainnya,in,[],[],[],0,1,0,[],[],https://twitter.com/ngiqiq/status/1378684801234862087,False,,0,,,,,,,,[],,,,
1377499605810601985,1377499605810601985,2021-04-01 13:54:33 WITA,2021-04-01,13:54:33,+0800,1929502170,ngiqiq,putrahadisyah,,bener2 menenangkan  https://t.co/keCbzMQEjC,in,[],['https://www.youtube.com/watch?v=77z6aFMJUx0'],[],0,0,0,[],[],https://twitter.com/ngiqiq/status/1377499605810601985,False,,0,,,,,,,,[],,,,
1376880765124845570,1376838242587140102,2021-03-30 20:55:30 WITA,2021-03-30,20:55:30,+0800,1929502170,ngiqiq,putrahadisyah,,"@mpitsky NANGIIIS BGT, wkwkwk beli nasi goreng bsa seharga rumah",in,[],[],[],1,0,0,[],[],https://twitter.com/ngiqiq/status/1376880765124845570,False,,0,,,,,,,,"[{'screen_name': 'mpitsky', 'name': 'Annisaa Fitri Shabrina', 'id': '43089825'}]",,,,
1376754584291471361,1376743280281407492,2021-03-30 12:34:06 WITA,2021-03-30,12:34:06,+0800,1929502170,ngiqiq,putrahadisyah,,@ibnusfirdaus_ WKWKWKWK,in,[],[],[],0,0,0,[],[],https://twitter.com/ngiqiq/status/1376754584291471361,False,,0,,,,,,,,"[{'screen_name': 'ibnusfirdaus_', 'name': 'Ibnu Firdaus', 'id': '1065443996455989250'}]",,,,
1376551599074541570,1376190524621606914,2021-03-29 23:07:30 WITA,2021-03-29,23:07:30,+0800,1929502170,ngiqiq,putrahadisyah,,@iniakuenun Iyaah ditetesin albotil besoknya lgs sembuh,in,[],[],[],0,0,0,[],[],https://twitter.com/ngiqiq/status/1376551599074541570,False,,0,,,,,,,,"[{'screen_name': 'iniakuenun', 'name': 'Aku Enun. Kita temen?', 'id': '159759174'}]",,,,
1376548904838201345,1376190524621606914,2021-03-29 22:56:48 WITA,2021-03-29,22:56:48,+0800,1929502170,ngiqiq,putrahadisyah,,"@iniakuenun Wkwkw samaan Nun, sariawan jg",in,[],[],[],1,0,0,[],[],https://twitter.com/ngiqiq/status/1376548904838201345,False,,0,,,,,,,,"[{'screen_name': 'iniakuenun', 'name': 'Aku Enun. Kita temen?', 'id': '159759174'}]",,,,
1375335372519997448,1375299764137328640,2021-03-26 14:34:39 WITA,2021-03-26,14:34:39,+0800,1929502170,ngiqiq,putrahadisyah,,"@aimabdhakim Mau bgttt, tp lg engga bsa :((. Cuman bsa berbaring",in,[],[],[],0,0,0,[],[],https://twitter.com/ngiqiq/status/1375335372519997448,False,,0,,,,,,,,"[{'screen_name': 'aimabdhakim', 'name': 'Abdul Hakim', 'id': '1106162078'}]",,,,
1375299764137328640,1375299764137328640,2021-03-26 12:13:10 WITA,2021-03-26,12:13:10,+0800,1929502170,ngiqiq,putrahadisyah,,Sakit bgt pinggang. Hiks.,in,[],[],[],1,0,0,[],[],https://twitter.com/ngiqiq/status/1375299764137328640,False,,0,,,,,,,,[],,,,
1374703398549815297,1374697889771839491,2021-03-24 20:43:25 WITA,2021-03-24,20:43:25,+0800,1929502170,ngiqiq,putrahadisyah,,@albenft driver.find_element_by_class_name('vaccine'),en,[],[],[],0,0,0,[],[],https://twitter.com/ngiqiq/status/1374703398549815297,False,,0,,,,,,,,"[{'screen_name': 'albenft', 'name': 'üíªworkaholicüíº (harapannya)', 'id': '308473841'}]",,,,
1374323350449704968,1374187237089234945,2021-03-23 19:33:15 WITA,2021-03-23,19:33:15,+0800,1929502170,ngiqiq,putrahadisyah,,@albenft wkwkw go go rimar,in,[],[],[],0,0,0,[],[],https://twitter.com/ngiqiq/status/1374323350449704968,False,,0,,,,,,,,"[{'screen_name': 'albenft', 'name': 'üíªworkaholicüíº (harapannya)', 'id': '308473841'}]",,,,
1373910382394241026,1373908909396611076,2021-03-22 16:12:15 WITA,2021-03-22,16:12:15,+0800,1929502170,ngiqiq,putrahadisyah,,"@ochroooo ya ampoeeen, bisa gt ya, lg rosa ni. Engga bsa ditinggal kalau dah rosa",in,[],[],[],0,0,0,[],[],https://twitter.com/ngiqiq/status/1373910382394241026,False,,0,,,,,,,,"[{'screen_name': 'ochroooo', 'name': 'üçµ', 'id': '261113745'}]",,,,
1373581397718298624,1373579537590591488,2021-03-21 18:24:59 WITA,2021-03-21,18:24:59,+0800,1929502170,ngiqiq,putrahadisyah,,@alifahsanil_92 siapa tahu relevan:  https://t.co/QlqMuQcHNO,in,[],['https://www.youtube.com/watch?v=EbsbtpUuUd8'],[],1,0,0,[],[],https://twitter.com/ngiqiq/status/1373581397718298624,False,,0,,,,,,,,"[{'screen_name': 'alifahsanil_92', 'name': 'Alif Ahsanil Satria', 'id': '479338784'}]",,,,
1373513835848429574,1373491939991904259,2021-03-21 13:56:31 WITA,2021-03-21,13:56:31,+0800,1929502170,ngiqiq,putrahadisyah,,"@tangent_____ Wkwkw jd inget, ada perwakilan lab ninja yg datangin",in,[],[],[],0,0,0,[],[],https://twitter.com/ngiqiq/status/1373513835848429574,False,,0,,,,,,,,[],,,,
1373512094625132544,1373491939991904259,2021-03-21 13:49:36 WITA,2021-03-21,13:49:36,+0800,1929502170,ngiqiq,putrahadisyah,,@tangent_____ Di lab TA kan dah hampir nyanyi tiap hari Tan,in,[],[],[],1,0,0,[],[],https://twitter.com/ngiqiq/status/1373512094625132544,False,,0,,,,,,,,[],,,,
1372804158978330627,1372774795645886472,2021-03-19 14:56:31 WITA,2021-03-19,14:56:31,+0800,1929502170,ngiqiq,putrahadisyah,,"@albenft @ayshzkh @kinopnop @asepwhite WKWKWK gibah onlen, nti masuk ecommurz /ridehaluing",in,[],[],[],0,0,0,[],[],https://twitter.com/ngiqiq/status/1372804158978330627,False,,0,,,,,,,,"[{'screen_name': 'albenft', 'name': 'üíªworkaholicüíº (harapannya)', 'id': '308473841'}, {'screen_name': 'ayshzkh', 'name': 'aisyah.', 'id': '248033457'}, {'screen_name': 'kinopnop', 'name': 'Rizky Noviandi', 'id': '632713539'}, {'screen_name': 'asepwhite', 'name': 'Akbar Septriyan', 'id': '597311911'}]",,,,
1372201016137973760,1371818468371095555,2021-03-17 22:59:51 WITA,2021-03-17,22:59:51,+0800,1929502170,ngiqiq,putrahadisyah,,@asepwhite @albenft @ayshzkh yg oren tuh pake GMAT,in,[],[],[],0,0,0,[],[],https://twitter.com/ngiqiq/status/1372201016137973760,False,,0,,,,,,,,"[{'screen_name': 'asepwhite', 'name': 'Akbar Septriyan', 'id': '597311911'}, {'screen_name': 'albenft', 'name': 'üíªworkaholicüíº (harapannya)', 'id': '308473841'}, {'screen_name': 'ayshzkh', 'name': 'aisyah.', 'id': '248033457'}]",,,,
1371858477534957570,1371699680157917187,2021-03-17 00:18:43 WITA,2021-03-17,00:18:43,+0800,1929502170,ngiqiq,putrahadisyah,,"@albenft Yaaah, aku tim belibis",in,[],[],[],0,0,0,[],[],https://twitter.com/ngiqiq/status/1371858477534957570,False,,0,,,,,,,,"[{'screen_name': 'albenft', 'name': 'üíªworkaholicüíº (harapannya)', 'id': '308473841'}]",,,,
1371679525239595011,1371658185333895168,2021-03-16 12:27:38 WITA,2021-03-16,12:27:38,+0800,1929502170,ngiqiq,putrahadisyah,,"@albenft Yoiiii, bau2 finalis",in,[],[],[],1,0,0,[],[],https://twitter.com/ngiqiq/status/1371679525239595011,False,,0,,,,,,,,"[{'screen_name': 'albenft', 'name': 'üíªworkaholicüíº (harapannya)', 'id': '308473841'}]",,,,
1371678845623934976,1371658185333895168,2021-03-16 12:24:56 WITA,2021-03-16,12:24:56,+0800,1929502170,ngiqiq,putrahadisyah,,@albenft Rimar sama Maia üëç,in,[],[],[],1,0,0,[],[],https://twitter.com/ngiqiq/status/1371678845623934976,False,,0,,,,,,,,"[{'screen_name': 'albenft', 'name': 'üíªworkaholicüíº (harapannya)', 'id': '308473841'}]",,,,
1371480888266137604,1371480888266137604,2021-03-15 23:18:19 WITA,2021-03-15,23:18:19,+0800,1929502170,ngiqiq,putrahadisyah,,"WKWKWK, pakabar saham gocapan",in,[],[],[],0,0,0,[],[],https://twitter.com/ngiqiq/status/1371480888266137604,False,https://twitter.com/cnbcindonesia/status/1371453438270181376,0,,,,,,,,[],,,,
1369682129961984004,1369650803259019266,2021-03-11 00:10:41 WITA,2021-03-11,00:10:41,+0800,1929502170,ngiqiq,putrahadisyah,,"@MahdiAustian hueee, sakit apa booos? gwssss!",in,[],[],[],1,0,0,[],[],https://twitter.com/ngiqiq/status/1369682129961984004,False,,0,,,,,,,,"[{'screen_name': 'MahdiAustian', 'name': 'Mahdiazhari Austian', 'id': '1325115730128302080'}]",,,,
1369649718695849995,1369636984180797442,2021-03-10 22:01:54 WITA,2021-03-10,22:01:54,+0800,1929502170,ngiqiq,putrahadisyah,,@albenft Mantap panutan üéâüéâ,in,[],[],[],0,0,0,[],[],https://twitter.com/ngiqiq/status/1369649718695849995,False,,0,,,,,,,,"[{'screen_name': 'albenft', 'name': 'üíªworkaholicüíº (harapannya)', 'id': '308473841'}]",,,,
1369648652755501058,1369636984180797442,2021-03-10 21:57:40 WITA,2021-03-10,21:57:40,+0800,1929502170,ngiqiq,putrahadisyah,,@albenft Kerja ngga ni pas libur,in,[],[],[],1,0,0,[],[],https://twitter.com/ngiqiq/status/1369648652755501058,False,,0,,,,,,,,"[{'screen_name': 'albenft', 'name': 'üíªworkaholicüíº (harapannya)', 'id': '308473841'}]",,,,
1369311269501640705,1369308974625984514,2021-03-09 23:37:01 WITA,2021-03-09,23:37:01,+0800,1929502170,ngiqiq,putrahadisyah,,@albenft Anjaaay pd.merge,in,[],[],[],0,0,0,[],[],https://twitter.com/ngiqiq/status/1369311269501640705,False,,0,,,,,,,,"[{'screen_name': 'albenft', 'name': 'üíªworkaholicüíº (harapannya)', 'id': '308473841'}]",,,,
1368111125703782402,1367748956382396417,2021-03-06 16:08:05 WITA,2021-03-06,16:08:05,+0800,1929502170,ngiqiq,putrahadisyah,,"@WadaNiswah Di atas mejaaaa, ngopi dlu gaaan  https://t.co/GTWVppliv9",in,[],[],['https://pbs.twimg.com/tweet_video_thumb/EvyBz8eVkAEtBQo.jpg'],0,0,0,[],[],https://twitter.com/ngiqiq/status/1368111125703782402,False,,1,https://pbs.twimg.com/tweet_video_thumb/EvyBz8eVkAEtBQo.jpg,,,,,,,"[{'screen_name': 'WadaNiswah', 'name': 'MN', 'id': '86656705'}]",,,,
1367802175745716229,1367748956382396417,2021-03-05 19:40:25 WITA,2021-03-05,19:40:25,+0800,1929502170,ngiqiq,putrahadisyah,,@WadaNiswah Minum kopiii seyeeenk,ht,[],[],[],1,0,0,[],[],https://twitter.com/ngiqiq/status/1367802175745716229,False,,0,,,,,,,,"[{'screen_name': 'WadaNiswah', 'name': 'MN', 'id': '86656705'}]",,,,
1366638262396149762,1366304121943302147,2021-03-02 14:35:27 WITA,2021-03-02,14:35:27,+0800,1929502170,ngiqiq,putrahadisyah,,"@albenft Anjaaaz so deep, deep learning",en,[],[],[],0,0,0,[],[],https://twitter.com/ngiqiq/status/1366638262396149762,False,,0,,,,,,,,"[{'screen_name': 'albenft', 'name': 'üíªworkaholicüíº (harapannya)', 'id': '308473841'}]",,,,
1366304121943302147,1366304121943302147,2021-03-01 16:27:42 WITA,2021-03-01,16:27:42,+0800,1929502170,ngiqiq,putrahadisyah,,Back pain is real,en,[],[],[],1,0,0,[],[],https://twitter.com/ngiqiq/status/1366304121943302147,False,https://twitter.com/estyhatch/status/1364906692161380354,0,,,,,,,,[],,,,
1365332991287824391,1365332991287824391,2021-02-27 00:08:46 WITA,2021-02-27,00:08:46,+0800,1929502170,ngiqiq,putrahadisyah,,Wah gila si merinding malam2   https://t.co/SXP4eQsnSY,tl,[],['https://youtu.be/UG50YNZgosg'],[],0,0,1,[],[],https://twitter.com/ngiqiq/status/1365332991287824391,False,,0,,,,,,,,[],,,,
1363819554896441347,1363819554896441347,2021-02-22 19:54:55 WITA,2021-02-22,19:54:55,+0800,1929502170,ngiqiq,putrahadisyah,,"HADOOP, MENGAPA DUNIA BERPUTAAAAAR",in,[],[],[],0,0,0,[],[],https://twitter.com/ngiqiq/status/1363819554896441347,False,https://twitter.com/VICE_ID/status/1363786476824231939,0,,,,,,,,[],,,,
1362975584301637633,1362943794061082629,2021-02-20 12:01:16 WITA,2021-02-20,12:01:16,+0800,1929502170,ngiqiq,putrahadisyah,,@WadaNiswah WKWKWK,in,[],[],[],0,0,0,[],[],https://twitter.com/ngiqiq/status/1362975584301637633,False,,0,,,,,,,,"[{'screen_name': 'WadaNiswah', 'name': 'MN', 'id': '86656705'}]",,,,
1362918808785096710,1362341828754767873,2021-02-20 08:15:40 WITA,2021-02-20,08:15:40,+0800,1929502170,ngiqiq,putrahadisyah,,@nzikroh @handokotjung Keknya yg kiri bawah Zikroh,in,[],[],[],0,0,0,[],[],https://twitter.com/ngiqiq/status/1362918808785096710,False,,0,,,,,,,,"[{'screen_name': 'nzikroh', 'name': 'Zizi', 'id': '1155551378023972864'}, {'screen_name': 'handokotjung', 'name': 'Handoko Tjung', 'id': '148332642'}]",,,,
1362050275339423754,1362001784508534784,2021-02-17 22:44:25 WITA,2021-02-17,22:44:25,+0800,1929502170,ngiqiq,putrahadisyah,,"@fandikaokdiba hueee, gws Fandoook",in,[],[],[],1,0,1,[],[],https://twitter.com/ngiqiq/status/1362050275339423754,False,,0,,,,,,,,"[{'screen_name': 'fandikaokdiba', 'name': 'Fandika Okdiba', 'id': '1015048636890210304'}]",,,,
1361668376632852486,1361652368996114435,2021-02-16 21:26:54 WITA,2021-02-16,21:26:54,+0800,1929502170,ngiqiq,putrahadisyah,,"@ibnusfirdaus_ Wkwkwk jd cara kabur dri dunia nyata, padahal kenyataannya dunia nyata itu pahit.",in,[],[],[],0,0,0,[],[],https://twitter.com/ngiqiq/status/1361668376632852486,False,,0,,,,,,,,"[{'screen_name': 'ibnusfirdaus_', 'name': 'Ibnu Firdaus', 'id': '1065443996455989250'}]",,,,
1361659014614970376,1361652368996114435,2021-02-16 20:49:42 WITA,2021-02-16,20:49:42,+0800,1929502170,ngiqiq,putrahadisyah,,@ibnusfirdaus_ ini banyak yg ngeviews karena pengen jg hidup nyaman sejahtera spt itu kali ya ü§î,in,[],[],[],1,0,0,[],[],https://twitter.com/ngiqiq/status/1361659014614970376,False,,0,,,,,,,,"[{'screen_name': 'ibnusfirdaus_', 'name': 'Ibnu Firdaus', 'id': '1065443996455989250'}]",,,,
1361652368996114435,1361652368996114435,2021-02-16 20:23:17 WITA,2021-02-16,20:23:17,+0800,1929502170,ngiqiq,putrahadisyah,,Apakah ini yang dinamakan kehidupan?   https://t.co/Hhfv3uBuvm,in,[],['https://www.youtube.com/watch?v=u_Jx2pB7OZg'],[],1,0,0,[],[],https://twitter.com/ngiqiq/status/1361652368996114435,False,,0,,,,,,,,[],,,,
1361063697808908289,1360996216557867009,2021-02-15 05:24:07 WITA,2021-02-15,05:24:07,+0800,1929502170,ngiqiq,putrahadisyah,,@albenft  https://t.co/FfgG0XxZ5N,und,[],[],['https://pbs.twimg.com/media/EuN4OCqVoAEUHF2.jpg'],0,0,0,[],[],https://twitter.com/ngiqiq/status/1361063697808908289,False,,1,https://pbs.twimg.com/media/EuN4OCqVoAEUHF2.jpg,,,,,,,[],,,,
1360976570320478208,1360953662630072326,2021-02-14 23:37:54 WITA,2021-02-14,23:37:54,+0800,1929502170,ngiqiq,putrahadisyah,,@hafizhrafizal @ibnusfirdaus_  https://t.co/NpJvGvqtoX,und,[],[],['https://pbs.twimg.com/tweet_video_thumb/EuMo-J2UcAg6U4h.jpg'],0,0,0,[],[],https://twitter.com/ngiqiq/status/1360976570320478208,False,,1,https://pbs.twimg.com/tweet_video_thumb/EuMo-J2UcAg6U4h.jpg,,,,,,,"[{'screen_name': 'hafizhrafizal', 'name': 'Hafizh Rafizal Adnan ÌïòÌîºÏä§', 'id': '996710727149735936'}]",,,,
1360971503857070084,1360953662630072326,2021-02-14 23:17:46 WITA,2021-02-14,23:17:46,+0800,1929502170,ngiqiq,putrahadisyah,,@ibnusfirdaus_ @hafizhrafizal Playing Gloria - Dia Tak Cinta Kamu,in,[],[],[],1,0,0,[],[],https://twitter.com/ngiqiq/status/1360971503857070084,False,,0,,,,,,,,"[{'screen_name': 'ibnusfirdaus_', 'name': 'Ibnu Firdaus', 'id': '1065443996455989250'}, {'screen_name': 'hafizhrafizal', 'name': 'Hafizh Rafizal Adnan ÌïòÌîºÏä§', 'id': '996710727149735936'}]",,,,
1360969728286597120,1360882202905518081,2021-02-14 23:10:43 WITA,2021-02-14,23:10:43,+0800,1929502170,ngiqiq,putrahadisyah,,@albenft  https://t.co/i91knoMoUB,und,[],[],['https://pbs.twimg.com/media/EuMiwULVEAE72XS.jpg'],1,0,0,[],[],https://twitter.com/ngiqiq/status/1360969728286597120,False,,1,https://pbs.twimg.com/media/EuMiwULVEAE72XS.jpg,,,,,,,[],,,,
1360283353241456640,1360181706288865282,2021-02-13 01:43:18 WITA,2021-02-13,01:43:18,+0800,1929502170,ngiqiq,putrahadisyah,,"@salsanads Wkwkwk engga nyesel2 bgt sebenarnya masuk fasilkom, cuman harus ke jkt aja utk kerjanya",in,[],[],[],0,0,1,[],[],https://twitter.com/ngiqiq/status/1360283353241456640,False,,0,,,,,,,,"[{'screen_name': 'salsanads', 'name': 'Salsabila Nadhifah', 'id': '44108962'}]",,,,
1360252137050046474,1360181706288865282,2021-02-12 23:39:16 WITA,2021-02-12,23:39:16,+0800,1929502170,ngiqiq,putrahadisyah,,@acicahhh wkwkw biar kerjanya di pertamina di balikpapan aja,in,[],[],[],0,0,0,[],[],https://twitter.com/ngiqiq/status/1360252137050046474,False,,0,,,,,,,,[],,,,
1360252024525189121,1360252024525189121,2021-02-12 23:38:49 WITA,2021-02-12,23:38:49,+0800,1929502170,ngiqiq,putrahadisyah,,wkwkw biar kerjanya di pertamina deket rumah,in,[],[],[],0,0,0,[],[],https://twitter.com/ngiqiq/status/1360252024525189121,False,,0,,,,,,,,[],,,,
1360181706288865282,1360181706288865282,2021-02-12 18:59:24 WITA,2021-02-12,18:59:24,+0800,1929502170,ngiqiq,putrahadisyah,,Tambang si üßê,in,[],[],[],2,0,0,[],[],https://twitter.com/ngiqiq/status/1360181706288865282,False,https://twitter.com/hanmula/status/1360150599577178116,0,,,,,,,,[],,,,
1359495926075695104,1359440993867599872,2021-02-10 21:34:21 WITA,2021-02-10,21:34:21,+0800,1929502170,ngiqiq,putrahadisyah,,"@albenft Asik, makan2",in,[],[],[],1,0,0,[],[],https://twitter.com/ngiqiq/status/1359495926075695104,False,,0,,,,,,,,"[{'screen_name': 'albenft', 'name': 'üíªworkaholicüíº (harapannya)', 'id': '308473841'}]",,,,
1359317313032392705,1359313267252858881,2021-02-10 09:44:36 WITA,2021-02-10,09:44:36,+0800,1929502170,ngiqiq,putrahadisyah,,@ariefkhoir Apel aja sebenarnya engga mau diapelin,in,[],[],[],0,0,0,[],[],https://twitter.com/ngiqiq/status/1359317313032392705,False,,0,,,,,,,,"[{'screen_name': 'ariefkhoir', 'name': 'Arief Khoiruddin', 'id': '139979557'}]",,,,
1359021266045345794,1358994118957883395,2021-02-09 14:08:13 WITA,2021-02-09,14:08:13,+0800,1929502170,ngiqiq,putrahadisyah,,@salsanads @Masterdiaz21  https://t.co/7ilvDmEBVa,und,[],[],['https://pbs.twimg.com/tweet_video_thumb/Etw2oYbVgAE2p22.jpg'],0,0,0,[],[],https://twitter.com/ngiqiq/status/1359021266045345794,False,,1,https://pbs.twimg.com/tweet_video_thumb/Etw2oYbVgAE2p22.jpg,,,,,,,"[{'screen_name': 'salsanads', 'name': 'Salsabila Nadhifah', 'id': '44108962'}]",,,,
1359012849482305536,1358994118957883395,2021-02-09 13:34:47 WITA,2021-02-09,13:34:47,+0800,1929502170,ngiqiq,putrahadisyah,,"@salsanads @Masterdiaz21 Wkwkw iyaaak, lg usaha avg down ni",in,[],[],[],1,0,0,[],[],https://twitter.com/ngiqiq/status/1359012849482305536,False,,0,,,,,,,,"[{'screen_name': 'salsanads', 'name': 'Salsabila Nadhifah', 'id': '44108962'}, {'screen_name': 'Masterdiaz21', 'name': 'Revan', 'id': '3004908372'}]",,,,
1359009653414260743,1358994118957883395,2021-02-09 13:22:05 WITA,2021-02-09,13:22:05,+0800,1929502170,ngiqiq,putrahadisyah,,"@Masterdiaz21 @salsanads Ayo KAEF naik, wkwkwk",in,[],[],[],1,0,0,[],[],https://twitter.com/ngiqiq/status/1359009653414260743,False,,0,,,,,,,,"[{'screen_name': 'Masterdiaz21', 'name': 'Revan', 'id': '3004908372'}, {'screen_name': 'salsanads', 'name': 'Salsabila Nadhifah', 'id': '44108962'}]",,,,
1358743278426853379,1358598563425525761,2021-02-08 19:43:36 WITA,2021-02-08,19:43:36,+0800,1929502170,ngiqiq,putrahadisyah,,@albenft @MahdiAustian Wkwkw kan msh harapan,in,[],[],[],1,0,0,[],[],https://twitter.com/ngiqiq/status/1358743278426853379,False,,0,,,,,,,,"[{'screen_name': 'albenft', 'name': 'üíªworkaholicüíº (harapannya)', 'id': '308473841'}, {'screen_name': 'MahdiAustian', 'name': 'Mahdiazhari Austian', 'id': '1325115730128302080'}]",,,,
1357893247624912898,1357893247624912898,2021-02-06 11:25:53 WITA,2021-02-06,11:25:53,+0800,1929502170,ngiqiq,putrahadisyah,,Yuhuuu anamedsos,tl,[],[],[],0,0,0,[],[],https://twitter.com/ngiqiq/status/1357893247624912898,False,https://twitter.com/rizky_sifaul/status/1357642995852447744,0,,,,,,,,[],,,,
1357786785846206464,1357786785846206464,2021-02-06 04:22:50 WITA,2021-02-06,04:22:50,+0800,1929502170,ngiqiq,putrahadisyah,,Jatuh miskin pasca skripsi,in,[],[],[],0,0,0,[],[],https://twitter.com/ngiqiq/status/1357786785846206464,False,https://twitter.com/collegemenfess/status/1357694600173899776,0,,,,,,,,[],,,,
1357786277534310401,1357561088821260288,2021-02-06 04:20:49 WITA,2021-02-06,04:20:49,+0800,1929502170,ngiqiq,putrahadisyah,,@WadaNiswah  https://t.co/1FQGzjC02I,und,[],[],['https://pbs.twimg.com/tweet_video_thumb/EtfTa6WUUAIPZoQ.jpg'],1,0,0,[],[],https://twitter.com/ngiqiq/status/1357786277534310401,False,,1,https://pbs.twimg.com/tweet_video_thumb/EtfTa6WUUAIPZoQ.jpg,,,,,,,[],,,,
1357671149061042176,1357671149061042176,2021-02-05 20:43:20 WITA,2021-02-05,20:43:20,+0800,1929502170,ngiqiq,putrahadisyah,,adalah (P31),in,[],[],[],0,0,1,[],[],https://twitter.com/ngiqiq/status/1357671149061042176,False,https://twitter.com/wikidataid/status/1357670412449165312,0,,,,,,,,[],,,,
1357670740271616002,1357561088821260288,2021-02-05 20:41:43 WITA,2021-02-05,20:41:43,+0800,1929502170,ngiqiq,putrahadisyah,,"@WadaNiswah Masa lu nangis gue ketawain, mending ikut nangis ü•∫ü•∫ü•∫",in,[],[],[],1,0,0,[],[],https://twitter.com/ngiqiq/status/1357670740271616002,False,,0,,,,,,,,"[{'screen_name': 'WadaNiswah', 'name': 'MN', 'id': '86656705'}]",,,,
1357563239521914880,1357561088821260288,2021-02-05 13:34:33 WITA,2021-02-05,13:34:33,+0800,1929502170,ngiqiq,putrahadisyah,,"@WadaNiswah Hueeee, cuyuuuung üò≠üò≠üò≠",in,[],[],[],1,0,0,[],[],https://twitter.com/ngiqiq/status/1357563239521914880,False,,0,,,,,,,,"[{'screen_name': 'WadaNiswah', 'name': 'MN', 'id': '86656705'}]",,,,
1357369069402353665,1357270106544377856,2021-02-05 00:42:59 WITA,2021-02-05,00:42:59,+0800,1929502170,ngiqiq,putrahadisyah,,@silviaatar  https://t.co/mIa75FRzVC,und,[],[],['https://pbs.twimg.com/tweet_video_thumb/EtZX9_HVcAsDsvd.jpg'],0,0,0,[],[],https://twitter.com/ngiqiq/status/1357369069402353665,False,,1,https://pbs.twimg.com/tweet_video_thumb/EtZX9_HVcAsDsvd.jpg,,,,,,,[],,,,
1357352044877606913,1357270106544377856,2021-02-04 23:35:20 WITA,2021-02-04,23:35:20,+0800,1929502170,ngiqiq,putrahadisyah,,@silviaatar wkwkw tiati tercyduk Pi,in,[],[],[],1,0,0,[],[],https://twitter.com/ngiqiq/status/1357352044877606913,False,,0,,,,,,,,"[{'screen_name': 'silviaatar', 'name': 'üôÇ', 'id': '84367293'}]",,,,
1357235842985562114,1357205004092899330,2021-02-04 15:53:35 WITA,2021-02-04,15:53:35,+0800,1929502170,ngiqiq,putrahadisyah,,"@albenft Subhanallah Akhi luar biasa, salut utk ketahanan pangannya",in,[],[],[],0,0,0,[],[],https://twitter.com/ngiqiq/status/1357235842985562114,False,,0,,,,,,,,"[{'screen_name': 'albenft', 'name': 'üíªworkaholicüíº (harapannya)', 'id': '308473841'}]",,,,
1357233486218752001,1357205004092899330,2021-02-04 15:44:13 WITA,2021-02-04,15:44:13,+0800,1929502170,ngiqiq,putrahadisyah,,@albenft Isinya indomie engga tuh?,in,[],[],[],1,0,0,[],[],https://twitter.com/ngiqiq/status/1357233486218752001,False,,0,,,,,,,,"[{'screen_name': 'albenft', 'name': 'üíªworkaholicüíº (harapannya)', 'id': '308473841'}]",,,,
1357233332640129024,1356994600595034112,2021-02-04 15:43:37 WITA,2021-02-04,15:43:37,+0800,1929502170,ngiqiq,putrahadisyah,,@intandhp Goodluck Nyan,tl,[],[],[],0,0,0,[],[],https://twitter.com/ngiqiq/status/1357233332640129024,False,,0,,,,,,,,"[{'screen_name': 'intandhp', 'name': 'aku', 'id': '130094842'}]",,,,
1357233296908849153,1356994600595034112,2021-02-04 15:43:28 WITA,2021-02-04,15:43:28,+0800,1929502170,ngiqiq,putrahadisyah,,@intandhp WKWKWK,in,[],[],[],1,0,0,[],[],https://twitter.com/ngiqiq/status/1357233296908849153,False,,0,,,,,,,,"[{'screen_name': 'intandhp', 'name': 'aku', 'id': '130094842'}]",,,,
1357145604250476545,1356994600595034112,2021-02-04 09:55:01 WITA,2021-02-04,09:55:01,+0800,1929502170,ngiqiq,putrahadisyah,,@intandhp  https://t.co/IhUA8tIE0C ?,und,[],['http://lapor.go.id'],[],1,0,0,[],[],https://twitter.com/ngiqiq/status/1357145604250476545,False,,0,,,,,,,,"[{'screen_name': 'intandhp', 'name': 'aku', 'id': '130094842'}]",,,,
1356488467430051840,1356436905038999552,2021-02-02 14:23:47 WITA,2021-02-02,14:23:47,+0800,1929502170,ngiqiq,putrahadisyah,,@salsanads @ayshzkh Asiiik abis nyeroook ya Bun,in,[],[],[],0,0,0,[],[],https://twitter.com/ngiqiq/status/1356488467430051840,False,,0,,,,,,,,"[{'screen_name': 'salsanads', 'name': 'Salsabila Nadhifah', 'id': '44108962'}, {'screen_name': 'ayshzkh', 'name': 'aisyah.', 'id': '248033457'}]",,,,
1356487862145880064,1356444918302998529,2021-02-02 14:21:23 WITA,2021-02-02,14:21:23,+0800,1929502170,ngiqiq,putrahadisyah,,@mzulendra  https://t.co/bwFkmcmwqx,und,[],[],['https://pbs.twimg.com/tweet_video_thumb/EtM2hMcVcAIn4BI.jpg'],0,0,0,[],[],https://twitter.com/ngiqiq/status/1356487862145880064,False,,1,https://pbs.twimg.com/tweet_video_thumb/EtM2hMcVcAIn4BI.jpg,,,,,,,[],,,,
1356484107459469314,1356444918302998529,2021-02-02 14:06:28 WITA,2021-02-02,14:06:28,+0800,1929502170,ngiqiq,putrahadisyah,,"@mzulendra Buah hati, apaansi",in,[],[],[],1,0,0,[],[],https://twitter.com/ngiqiq/status/1356484107459469314,False,,0,,,,,,,,"[{'screen_name': 'mzulendra', 'name': 'Siddiq Zulendra', 'id': '106409694'}]",,,,
1356463522901757954,1356444918302998529,2021-02-02 12:44:40 WITA,2021-02-02,12:44:40,+0800,1929502170,ngiqiq,putrahadisyah,,@mzulendra Sabar bosq,es,[],[],[],1,0,0,[],[],https://twitter.com/ngiqiq/status/1356463522901757954,False,,0,,,,,,,,"[{'screen_name': 'mzulendra', 'name': 'Siddiq Zulendra', 'id': '106409694'}]",,,,
1356258235485880324,1356234776596729856,2021-02-01 23:08:56 WITA,2021-02-01,23:08:56,+0800,1929502170,ngiqiq,putrahadisyah,,@RIDHAULIA Wkwkwkw keracunan jemimah challenge Ridh?,in,[],[],[],0,0,0,[],[],https://twitter.com/ngiqiq/status/1356258235485880324,False,,0,,,,,,,,"[{'screen_name': 'RIDHAULIA', 'name': 'Ridha A Rahmi', 'id': '40231580'}]",,,,
1356232076190765056,1356226046329114625,2021-02-01 21:24:59 WITA,2021-02-01,21:24:59,+0800,1929502170,ngiqiq,putrahadisyah,,@ibnusfirdaus_ mantap bwaaang,in,[],[],[],1,0,0,[],[],https://twitter.com/ngiqiq/status/1356232076190765056,False,,0,,,,,,,,"[{'screen_name': 'ibnusfirdaus_', 'name': 'Ibnu Firdaus', 'id': '1065443996455989250'}]",,,,
1356047991061143555,1355937405413412865,2021-02-01 09:13:29 WITA,2021-02-01,09:13:29,+0800,1929502170,ngiqiq,putrahadisyah,,"@ninanursita wkwkwk Nin, permisi",in,[],[],[],0,0,0,[],[],https://twitter.com/ngiqiq/status/1356047991061143555,False,,0,,,,,,,,"[{'screen_name': 'ninanursita', 'name': 'Nina N. Ramadhan', 'id': '1008595763234988032'}]",,,,
1355937405413412865,1355937405413412865,2021-02-01 01:54:04 WITA,2021-02-01,01:54:04,+0800,1929502170,ngiqiq,putrahadisyah,,"Wkwkwk jd inget ada org yg khawatir ku ilang di sosmed, padahal lg engga mau keganggu, karena lg skripsi",in,[],[],[],1,0,0,[],[],https://twitter.com/ngiqiq/status/1355937405413412865,False,https://twitter.com/yulidocaine/status/1355527715588243456,0,,,,,,,,[],,,,
1355702701695221760,1355612378734284800,2021-01-31 10:21:26 WITA,2021-01-31,10:21:26,+0800,1929502170,ngiqiq,putrahadisyah,,"@acicahhh Wkwkw horror, jgn lupa istirahat Buuuu",in,[],[],[],1,0,0,[],[],https://twitter.com/ngiqiq/status/1355702701695221760,False,,0,,,,,,,,[],,,,
1355561708324966401,1355561708324966401,2021-01-31 01:01:11 WITA,2021-01-31,01:01:11,+0800,1929502170,ngiqiq,putrahadisyah,,Jd keinget seseorang engga si guys @ochroooo @mhd_rndy,in,"[{'screen_name': 'ochroooo', 'name': 'üçµ', 'id': '261113745'}, {'screen_name': 'mhd_rndy', 'name': 'muhammad rendy', 'id': '445483620'}]",[],[],1,0,0,[],[],https://twitter.com/ngiqiq/status/1355561708324966401,False,https://twitter.com/eMbahNyutz/status/1355410092154183689,0,,,,,,,,[],,,,
1355224440334733314,1355224440334733314,2021-01-30 02:41:00 WITA,2021-01-30,02:41:00,+0800,1929502170,ngiqiq,putrahadisyah,,Tahu Bulat,in,[],[],[],0,0,0,[],[],https://twitter.com/ngiqiq/status/1355224440334733314,False,https://twitter.com/wikidataid/status/1355137391099580419,0,,,,,,,,[],,,,
1355111639129878532,1355111639129878532,2021-01-29 19:12:46 WITA,2021-01-29,19:12:46,+0800,1929502170,ngiqiq,putrahadisyah,,KAEF,de,[],[],[],0,0,0,[],[],https://twitter.com/ngiqiq/status/1355111639129878532,False,https://twitter.com/trickyinvestor/status/1355093247391977473,0,,,,,,,,[],,,,
1354466399435976706,1354444691207385088,2021-01-28 00:28:49 WITA,2021-01-28,00:28:49,+0800,1929502170,ngiqiq,putrahadisyah,,"@acicahhh WKWKWK, sambil goyang tiktod ya",in,[],[],[],0,0,0,[],[],https://twitter.com/ngiqiq/status/1354466399435976706,False,,0,,,,,,,,[],,,,
1354444691207385088,1354444691207385088,2021-01-27 23:02:33 WITA,2021-01-27,23:02:33,+0800,1929502170,ngiqiq,putrahadisyah,,Wkwkw safe zone,in,[],[],[],1,0,0,[],[],https://twitter.com/ngiqiq/status/1354444691207385088,False,https://twitter.com/bayu_joo/status/1354042964855541760,0,,,,,,,,[],,,,
1354081974802112513,1354081974802112513,2021-01-26 23:01:15 WITA,2021-01-26,23:01:15,+0800,1929502170,ngiqiq,putrahadisyah,,üê∂,und,[],[],[],0,0,0,[],[],https://twitter.com/ngiqiq/status/1354081974802112513,False,https://twitter.com/AREAJULID/status/1354029480503730177,0,,,,,,,,[],,,,
1353748169700433921,1353528451022503936,2021-01-26 00:54:49 WITA,2021-01-26,00:54:49,+0800,1929502170,ngiqiq,putrahadisyah,,@WadaNiswah Damkaaar dund cuyuuung,in,[],[],[],0,0,0,[],[],https://twitter.com/ngiqiq/status/1353748169700433921,False,,0,,,,,,,,"[{'screen_name': 'WadaNiswah', 'name': 'MN', 'id': '86656705'}]",,,,
1353696586895863813,1353528451022503936,2021-01-25 21:29:51 WITA,2021-01-25,21:29:51,+0800,1929502170,ngiqiq,putrahadisyah,,"@WadaNiswah Ninuninuninuuuu, halo poliiis",et,[],[],[],1,0,0,[],[],https://twitter.com/ngiqiq/status/1353696586895863813,False,,0,,,,,,,,"[{'screen_name': 'WadaNiswah', 'name': 'MN', 'id': '86656705'}]",,,,
1353548970048376832,1353359463839715328,2021-01-25 11:43:16 WITA,2021-01-25,11:43:16,+0800,1929502170,ngiqiq,putrahadisyah,,"@WadaNiswah Wkwk blom, ntaran aja pas mo bayar kost cuyuuung",in,[],[],[],0,0,0,[],[],https://twitter.com/ngiqiq/status/1353548970048376832,False,,0,,,,,,,,"[{'screen_name': 'WadaNiswah', 'name': 'MN', 'id': '86656705'}]",,,,
1353363138540953600,1353359463839715328,2021-01-24 23:24:51 WITA,2021-01-24,23:24:51,+0800,1929502170,ngiqiq,putrahadisyah,,@WadaNiswah nangiiiis,in,[],[],[],1,0,0,[],[],https://twitter.com/ngiqiq/status/1353363138540953600,False,,0,,,,,,,,"[{'screen_name': 'WadaNiswah', 'name': 'MN', 'id': '86656705'}]",,,,
1353245643616079879,1353197796409495552,2021-01-24 15:37:58 WITA,2021-01-24,15:37:58,+0800,1929502170,ngiqiq,putrahadisyah,,"@tangent_____ WKWKWWK fiiix, yuuuk depok yuuuuuk",in,[],[],[],0,0,0,[],[],https://twitter.com/ngiqiq/status/1353245643616079879,False,,0,,,,,,,,[],,,,
1352824405793984512,1352608455207522308,2021-01-23 11:44:07 WITA,2021-01-23,11:44:07,+0800,1929502170,ngiqiq,putrahadisyah,,"@Masterdiaz21 Wkwkwk, merah2, tahan terus selama bukan saham gorengan",in,[],[],[],0,0,0,[],[],https://twitter.com/ngiqiq/status/1352824405793984512,False,,0,,,,,,,,"[{'screen_name': 'Masterdiaz21', 'name': 'Revan', 'id': '3004908372'}]",,,,
1352657927941677058,1352632532517277696,2021-01-23 00:42:35 WITA,2021-01-23,00:42:35,+0800,1929502170,ngiqiq,putrahadisyah,,"@acicahhh Anjaaay, move on apaniiii",ht,[],[],[],0,0,0,[],[],https://twitter.com/ngiqiq/status/1352657927941677058,False,,0,,,,,,,,[],,,,
1352657759871746055,1352608455207522308,2021-01-23 00:41:55 WITA,2021-01-23,00:41:55,+0800,1929502170,ngiqiq,putrahadisyah,,"@ayshzkh Yuhuuu, debest ajaiiib",in,[],[],[],0,0,0,[],[],https://twitter.com/ngiqiq/status/1352657759871746055,False,,0,,,,,,,,"[{'screen_name': 'ayshzkh', 'name': 'aisyah.', 'id': '248033457'}]",,,,
1352620059328319489,1352608455207522308,2021-01-22 22:12:07 WITA,2021-01-22,22:12:07,+0800,1929502170,ngiqiq,putrahadisyah,,"@indraseptama WKWKWK, tiap hari melolotin grafik, salahnya suka hajar kanan pas beli",in,[],[],[],0,0,0,[],[],https://twitter.com/ngiqiq/status/1352620059328319489,False,,0,,,,,,,,"[{'screen_name': 'indraseptama', 'name': 'indras', 'id': '428045221'}]",,,,
1352619797159186433,1352608455207522308,2021-01-22 22:11:04 WITA,2021-01-22,22:11:04,+0800,1929502170,ngiqiq,putrahadisyah,,Yok rapi2 porto yoook (nunggu gajian),in,[],[],[],0,0,0,[],[],https://twitter.com/ngiqiq/status/1352619797159186433,False,,0,,,,,,,,[],,,,
1352611616970338305,1352608455207522308,2021-01-22 21:38:34 WITA,2021-01-22,21:38:34,+0800,1929502170,ngiqiq,putrahadisyah,,@ochroooo Rumah langit x Ipeh x Bilqis si penjinak ular,in,[],[],[],0,0,0,[],[],https://twitter.com/ngiqiq/status/1352611616970338305,False,,0,,,,,,,,"[{'screen_name': 'ochroooo', 'name': 'üçµ', 'id': '261113745'}]",,,,
1352611355195367426,1352608455207522308,2021-01-22 21:37:32 WITA,2021-01-22,21:37:32,+0800,1929502170,ngiqiq,putrahadisyah,,Ada yg nyangkut jg lg. Jd tau rasanya nyangkut spt apa.,in,[],[],[],1,0,0,[],[],https://twitter.com/ngiqiq/status/1352611355195367426,False,,0,,,,,,,,[],,,,
1352610377578770435,1352608455207522308,2021-01-22 21:33:38 WITA,2021-01-22,21:33:38,+0800,1929502170,ngiqiq,putrahadisyah,,"@ochroooo WKWKWK, kangen deh vidcallan sama si Ipeeeh",in,[],[],[],1,0,0,[],[],https://twitter.com/ngiqiq/status/1352610377578770435,False,,0,,,,,,,,"[{'screen_name': 'ochroooo', 'name': 'üçµ', 'id': '261113745'}]",,,,
1352608660661260288,1352608455207522308,2021-01-22 21:26:49 WITA,2021-01-22,21:26:49,+0800,1929502170,ngiqiq,putrahadisyah,,"Seru abis tp pengalamannya, walau baru TP sekali doank yg jumlahnya lumayan",in,[],[],[],1,0,0,[],[],https://twitter.com/ngiqiq/status/1352608660661260288,False,,0,,,,,,,,[],,,,
1352608455207522308,1352608455207522308,2021-01-22 21:26:00 WITA,2021-01-22,21:26:00,+0800,1929502170,ngiqiq,putrahadisyah,,"Nyoba Ajaib, merah2 skrang, memang tidak jago trading Bung, saatnya ubah mindsetnya utk investasi jangka panjang aja. WKWKWK",in,[],[],[],5,0,0,[],[],https://twitter.com/ngiqiq/status/1352608455207522308,False,,0,,,,,,,,[],,,,
1352462349383344134,1352277868575748097,2021-01-22 11:45:26 WITA,2021-01-22,11:45:26,+0800,1929502170,ngiqiq,putrahadisyah,,@iniakuenun Ikan tong call ikan tong call,in,[],[],[],0,0,0,[],[],https://twitter.com/ngiqiq/status/1352462349383344134,False,,0,,,,,,,,"[{'screen_name': 'iniakuenun', 'name': 'Aku Enun. Kita temen?', 'id': '159759174'}]",,,,
1352462083309199361,1352417479323074560,2021-01-22 11:44:22 WITA,2021-01-22,11:44:22,+0800,1929502170,ngiqiq,putrahadisyah,,"@albenft @mgilangjanuar Anjaay duta pantene, aku? Jadi duta sampo lain? Ups",in,[],[],[],0,0,0,[],[],https://twitter.com/ngiqiq/status/1352462083309199361,False,,0,,,,,,,,"[{'screen_name': 'albenft', 'name': 'üíªworkaholicüíº (harapannya)', 'id': '308473841'}, {'screen_name': 'mgilangjanuar', 'name': 'lang', 'id': '744091461889581057'}]",,,,
1352432503672295429,1352277868575748097,2021-01-22 09:46:50 WITA,2021-01-22,09:46:50,+0800,1929502170,ngiqiq,putrahadisyah,,@iniakuenun *NGAKAK,in,[],[],[],0,0,0,[],[],https://twitter.com/ngiqiq/status/1352432503672295429,False,,0,,,,,,,,"[{'screen_name': 'iniakuenun', 'name': 'Aku Enun. Kita temen?', 'id': '159759174'}]",,,,
1352432441282027521,1352277868575748097,2021-01-22 09:46:35 WITA,2021-01-22,09:46:35,+0800,1929502170,ngiqiq,putrahadisyah,,@iniakuenun WAKAKAKAK NGAAAAK ASTAGFIRULLAH,in,[],[],[],2,0,0,[],[],https://twitter.com/ngiqiq/status/1352432441282027521,False,,0,,,,,,,,"[{'screen_name': 'iniakuenun', 'name': 'Aku Enun. Kita temen?', 'id': '159759174'}]",,,,
1352430928941916162,1352417479323074560,2021-01-22 09:40:35 WITA,2021-01-22,09:40:35,+0800,1929502170,ngiqiq,putrahadisyah,,"@mgilangjanuar Lang Laaang, Bapak lu nton Laaang",in,[],[],[],2,0,0,[],[],https://twitter.com/ngiqiq/status/1352430928941916162,False,,0,,,,,,,,"[{'screen_name': 'mgilangjanuar', 'name': 'lang', 'id': '744091461889581057'}]",,,,
1352088878191054848,1351877580631146498,2021-01-21 11:01:23 WITA,2021-01-21,11:01:23,+0800,1929502170,ngiqiq,putrahadisyah,,"@WadaNiswah Wkwkw mantul, thank u cuyuung",in,[],[],[],0,0,0,[],[],https://twitter.com/ngiqiq/status/1352088878191054848,False,,0,,,,,,,,"[{'screen_name': 'WadaNiswah', 'name': 'MN', 'id': '86656705'}]",,,,
1352076534593449986,1351877580631146498,2021-01-21 10:12:20 WITA,2021-01-21,10:12:20,+0800,1929502170,ngiqiq,putrahadisyah,,"@WadaNiswah Dicoba deh ya, wakakak, Pak, saya kan engga make air ma listrik, bsa minta keringanan engga ya",in,[],[],[],1,0,0,[],[],https://twitter.com/ngiqiq/status/1352076534593449986,False,,0,,,,,,,,"[{'screen_name': 'WadaNiswah', 'name': 'MN', 'id': '86656705'}]",,,,
1352076394411429892,1351877580631146498,2021-01-21 10:11:47 WITA,2021-01-21,10:11:47,+0800,1929502170,ngiqiq,putrahadisyah,,"@WadaNiswah Bener siiii, bingung atuh kumaha negonya",in,[],[],[],1,0,0,[],[],https://twitter.com/ngiqiq/status/1352076394411429892,False,,0,,,,,,,,"[{'screen_name': 'WadaNiswah', 'name': 'MN', 'id': '86656705'}]",,,,
1351932210601840640,1351923248963829760,2021-01-21 00:38:51 WITA,2021-01-21,00:38:51,+0800,1929502170,ngiqiq,putrahadisyah,,"@Masterdiaz21 Wkwkw datanya saling berhubungan booos, ada perubahan dikit, ngaruh ke data2 lainnya",in,[],[],[],0,0,0,[],[],https://twitter.com/ngiqiq/status/1351932210601840640,False,,0,,,,,,,,"[{'screen_name': 'Masterdiaz21', 'name': 'Revan', 'id': '3004908372'}]",,,,
1351931319207432192,1351895024737214466,2021-01-21 00:35:18 WITA,2021-01-21,00:35:18,+0800,1929502170,ngiqiq,putrahadisyah,,"@tangent_____ Saatnya mencari pendamping, biar semangat",in,[],[],[],1,0,0,[],[],https://twitter.com/ngiqiq/status/1351931319207432192,False,,0,,,,,,,,[],,,,
1351930788149829633,1351930788149829633,2021-01-21 00:33:12 WITA,2021-01-21,00:33:12,+0800,1929502170,ngiqiq,putrahadisyah,,YA ALLAH MALAM2 HALU BGT NGELIAT ULAR JADI2AN,in,[],[],[],0,0,0,[],[],https://twitter.com/ngiqiq/status/1351930788149829633,False,https://twitter.com/jowoshitpost/status/1351809458368724992,0,,,,,,,,[],,,,
1351930319583076358,1351926781406715907,2021-01-21 00:31:20 WITA,2021-01-21,00:31:20,+0800,1929502170,ngiqiq,putrahadisyah,,"@tangent_____ mantaaap quarter life crisis Buun... Ayo silahkan lelaki tampan, tunjukkan pesonamu #takemeoutindonesia",in,[],[],[],0,0,0,['takemeoutindonesia'],[],https://twitter.com/ngiqiq/status/1351930319583076358,False,,0,,,,,,,,[],,,,
1351929924236427264,1351923248963829760,2021-01-21 00:29:46 WITA,2021-01-21,00:29:46,+0800,1929502170,ngiqiq,putrahadisyah,,"@Masterdiaz21 Lembur ngepopulate data, karena datanya super ngaco, lelah ngereconcile. Sekalinya ngepopulate eh ternyata msh ngaco jg. Reconcile lg. WKWKWKW",in,[],[],[],1,0,0,[],[],https://twitter.com/ngiqiq/status/1351929924236427264,False,,0,,,,,,,,"[{'screen_name': 'Masterdiaz21', 'name': 'Revan', 'id': '3004908372'}]",,,,
1351929540117897219,1351926781406715907,2021-01-21 00:28:14 WITA,2021-01-21,00:28:14,+0800,1929502170,ngiqiq,putrahadisyah,,@tangent_____ WKWKWKWK akhirnya ku menemukanmuuu~~~ saat hati ini mulai ....,in,[],[],[],1,0,0,[],[],https://twitter.com/ngiqiq/status/1351929540117897219,False,,0,,,,,,,,[],,,,
1351929370542104576,1351923248963829760,2021-01-21 00:27:34 WITA,2021-01-21,00:27:34,+0800,1929502170,ngiqiq,putrahadisyah,,"@Masterdiaz21 WKWK, udh 3 hari lembur donk booos, nangis engga tuuuu",in,[],[],[],1,0,0,[],[],https://twitter.com/ngiqiq/status/1351929370542104576,False,,0,,,,,,,,"[{'screen_name': 'Masterdiaz21', 'name': 'Revan', 'id': '3004908372'}]",,,,
1351929179411935239,1351728295721672710,2021-01-21 00:26:48 WITA,2021-01-21,00:26:48,+0800,1929502170,ngiqiq,putrahadisyah,,"@mpitsky Sama Fitri Shabrina ya Kak, canda Kak",in,[],[],[],0,0,0,[],[],https://twitter.com/ngiqiq/status/1351929179411935239,False,,0,,,,,,,,"[{'screen_name': 'mpitsky', 'name': 'Annisaa Fitri Shabrina', 'id': '43089825'}]",,,,
1351928936477782016,1351926781406715907,2021-01-21 00:25:50 WITA,2021-01-21,00:25:50,+0800,1929502170,ngiqiq,putrahadisyah,,"@tangent_____ HAHAHA gpp kok Tan, gue jg kangen",in,[],[],[],1,0,0,[],[],https://twitter.com/ngiqiq/status/1351928936477782016,False,,0,,,,,,,,[],,,,
1351928803941969920,1351877580631146498,2021-01-21 00:25:19 WITA,2021-01-21,00:25:19,+0800,1929502170,ngiqiq,putrahadisyah,,"@WadaNiswah 450k, wkwkw. Mo terbang ongkosnya jg mahal si, belum antigennya",in,[],[],[],1,0,0,[],[],https://twitter.com/ngiqiq/status/1351928803941969920,False,,0,,,,,,,,"[{'screen_name': 'WadaNiswah', 'name': 'MN', 'id': '86656705'}]",,,,
1351923248963829760,1351923248963829760,2021-01-21 00:03:14 WITA,2021-01-21,00:03:14,+0800,1929502170,ngiqiq,putrahadisyah,,"Kerja data analyst, tp datanya super berantakan itu sangatlah melelahkan",in,[],[],[],1,0,0,[],[],https://twitter.com/ngiqiq/status/1351923248963829760,False,,0,,,,,,,,[],,,,
1351922864551677952,1351877580631146498,2021-01-21 00:01:43 WITA,2021-01-21,00:01:43,+0800,1929502170,ngiqiq,putrahadisyah,,"@WadaNiswah Thank u cuyuuung, iya ni msh bayar kost, untung murce per bulannya",in,[],[],[],1,0,0,[],[],https://twitter.com/ngiqiq/status/1351922864551677952,False,,0,,,,,,,,"[{'screen_name': 'WadaNiswah', 'name': 'MN', 'id': '86656705'}]",,,,
1351922665825599489,1351877580631146498,2021-01-21 00:00:55 WITA,2021-01-21,00:00:55,+0800,1929502170,ngiqiq,putrahadisyah,,"@apidm Hahaha iya Kak, ku bsa stres kalau nginget zaman2nya perlu commute, penyet di kereta + cape di jalan",in,[],[],[],0,0,0,[],[],https://twitter.com/ngiqiq/status/1351922665825599489,False,,0,,,,,,,,"[{'screen_name': 'apidm', 'name': 'Khafidlotun Muslikha', 'id': '113315983'}]",,,,
1351877580631146498,1351877580631146498,2021-01-20 21:01:46 WITA,2021-01-20,21:01:46,+0800,1929502170,ngiqiq,putrahadisyah,,"Gpp lembur gpp, yg penting di rumah kerjanya, wkwkw, posthink",in,[],[],[],2,0,2,[],[],https://twitter.com/ngiqiq/status/1351877580631146498,False,,0,,,,,,,,[],,,,
1351186314775949325,1351186314775949325,2021-01-18 23:14:55 WITA,2021-01-18,23:14:55,+0800,1929502170,ngiqiq,putrahadisyah,,LALALALALALA udahlah lembur lg lembur lg,in,[],[],[],0,0,1,[],[],https://twitter.com/ngiqiq/status/1351186314775949325,False,,0,,,,,,,,[],,,,
1351077836665319424,1351077836665319424,2021-01-18 16:03:52 WITA,2021-01-18,16:03:52,+0800,1929502170,ngiqiq,putrahadisyah,,"roda berputar bung, wkwkw",in,[],[],[],0,0,1,[],[],https://twitter.com/ngiqiq/status/1351077836665319424,False,,0,,,,,,,,[],,,,
1350834916410368002,1350784059018866688,2021-01-17 23:58:36 WITA,2021-01-17,23:58:36,+0800,1929502170,ngiqiq,putrahadisyah,,@asinsendiri Nangiiis :((,in,[],[],[],0,0,0,[],[],https://twitter.com/ngiqiq/status/1350834916410368002,False,,0,,,,,,,,"[{'screen_name': 'asinsendiri', 'name': '-', 'id': '50199702'}]",,,,
1350648005788004356,1350641747336994818,2021-01-17 11:35:53 WITA,2021-01-17,11:35:53,+0800,1929502170,ngiqiq,putrahadisyah,,"@ibnusfirdaus_ Wkwkw iyaaak Nuuu, selalu sedih makin ke sini makin berkurang hutan Kalimantan",in,[],[],[],0,0,0,[],[],https://twitter.com/ngiqiq/status/1350648005788004356,False,,0,,,,,,,,"[{'screen_name': 'ibnusfirdaus_', 'name': 'Ibnu Firdaus', 'id': '1065443996455989250'}]",,,,
1350641747336994818,1350641747336994818,2021-01-17 11:11:00 WITA,2021-01-17,11:11:00,+0800,1929502170,ngiqiq,putrahadisyah,,Jadi keinget dokumenter sexy killers,in,[],[],[],1,0,1,[],[],https://twitter.com/ngiqiq/status/1350641747336994818,False,https://twitter.com/firdzaradiany/status/1350247333959634945,0,,,,,,,,[],,,,
1350641307866157058,1350512445350055937,2021-01-17 11:09:16 WITA,2021-01-17,11:09:16,+0800,1929502170,ngiqiq,putrahadisyah,,@AmiraLuthfia  https://t.co/Tgup434I5v,und,[],[],['https://pbs.twimg.com/tweet_video_thumb/Er5xGuZUcAEZhxM.jpg'],1,0,0,[],[],https://twitter.com/ngiqiq/status/1350641307866157058,False,,1,https://pbs.twimg.com/tweet_video_thumb/Er5xGuZUcAEZhxM.jpg,,,,,,,[],,,,
1350452701469962241,1350449070339313665,2021-01-16 22:39:48 WITA,2021-01-16,22:39:48,+0800,1929502170,ngiqiq,putrahadisyah,,@albenft samyang sekarang banyak varian Ben,in,[],[],[],1,0,0,[],[],https://twitter.com/ngiqiq/status/1350452701469962241,False,,0,,,,,,,,"[{'screen_name': 'albenft', 'name': 'üíªworkaholicüíº (harapannya)', 'id': '308473841'}]",,,,
1350288548046331906,1350136585568747521,2021-01-16 11:47:31 WITA,2021-01-16,11:47:31,+0800,1929502170,ngiqiq,putrahadisyah,,"@lavenderlove24 Thank u Liaaaaaa, aamiin",en,[],[],[],0,0,0,[],[],https://twitter.com/ngiqiq/status/1350288548046331906,False,,0,,,,,,,,"[{'screen_name': 'lavenderlove24', 'name': 'Lia Noonanya Shotaro', 'id': '824535494'}]",,,,
1350288473987506180,1350136585568747521,2021-01-16 11:47:14 WITA,2021-01-16,11:47:14,+0800,1929502170,ngiqiq,putrahadisyah,,"@WadaNiswah Gpp cuyuuung, over working, lol",in,[],[],[],1,0,0,[],[],https://twitter.com/ngiqiq/status/1350288473987506180,False,,0,,,,,,,,"[{'screen_name': 'WadaNiswah', 'name': 'MN', 'id': '86656705'}]",,,,
1350136585568747521,1350136585568747521,2021-01-16 01:43:40 WITA,2021-01-16,01:43:40,+0800,1929502170,ngiqiq,putrahadisyah,,"sejauh ini minggu ini, minggu terburuk di 2021",in,[],[],[],2,0,0,[],[],https://twitter.com/ngiqiq/status/1350136585568747521,False,,0,,,,,,,,[],,,,
1349342257564958723,1349245293884100608,2021-01-13 21:07:18 WITA,2021-01-13,21:07:18,+0800,1929502170,ngiqiq,putrahadisyah,,"@ayshzkh @albenft @asepwhite Iyah yg mana tuuuuuu, wkwkwk",in,[],[],[],0,0,0,[],[],https://twitter.com/ngiqiq/status/1349342257564958723,False,,0,,,,,,,,"[{'screen_name': 'ayshzkh', 'name': 'aisyah.', 'id': '248033457'}, {'screen_name': 'albenft', 'name': 'üíªworkaholicüíº (harapannya)', 'id': '308473841'}, {'screen_name': 'asepwhite', 'name': 'Akbar Septriyan', 'id': '597311911'}]",,,,
1349342031789780993,1349231536248287233,2021-01-13 21:06:24 WITA,2021-01-13,21:06:24,+0800,1929502170,ngiqiq,putrahadisyah,,"@WadaNiswah Huhuhu, cemongoed cuyuung",in,[],[],[],1,0,0,[],[],https://twitter.com/ngiqiq/status/1349342031789780993,False,,0,,,,,,,,"[{'screen_name': 'WadaNiswah', 'name': 'MN', 'id': '86656705'}]",,,,
1348109909884239877,1348109909884239877,2021-01-10 11:30:23 WITA,2021-01-10,11:30:23,+0800,1929502170,ngiqiq,putrahadisyah,,Huhuhu merasakan hal yg sama ketika berhasil kerja dri Balikpapan,in,[],[],[],0,0,2,[],[],https://twitter.com/ngiqiq/status/1348109909884239877,False,https://twitter.com/pinotski/status/1347555682946527234,0,,,,,,,,[],,,,
1347238594314784769,1347199624109387779,2021-01-08 01:48:06 WITA,2021-01-08,01:48:06,+0800,1929502170,ngiqiq,putrahadisyah,,@albenft Indomie rendang pake telor gila debest bgt Ben  https://t.co/DpFbr7mtN6,in,[],[],['https://pbs.twimg.com/tweet_video_thumb/ErJaWtpUcAYOW1V.jpg'],1,0,0,[],[],https://twitter.com/ngiqiq/status/1347238594314784769,False,,1,https://pbs.twimg.com/tweet_video_thumb/ErJaWtpUcAYOW1V.jpg,,,,,,,"[{'screen_name': 'albenft', 'name': 'üíªworkaholicüíº (harapannya)', 'id': '308473841'}]",,,,
1347191916413161476,1347180403807772682,2021-01-07 22:42:37 WITA,2021-01-07,22:42:37,+0800,1929502170,ngiqiq,putrahadisyah,,"@WadaNiswah Mantap, siap kanjeng ratu",in,[],[],[],0,0,0,[],[],https://twitter.com/ngiqiq/status/1347191916413161476,False,,0,,,,,,,,"[{'screen_name': 'WadaNiswah', 'name': 'MN', 'id': '86656705'}]",,,,
1345687888839675904,1344213755450675203,2021-01-03 19:06:09 WITA,2021-01-03,19:06:09,+0800,1929502170,ngiqiq,putrahadisyah,,"@albenft Bsa nih, alternatif biar cpt kaya  https://t.co/CrGv1Xtknv",in,[],[],['https://pbs.twimg.com/media/EqzX_lcUUAEa1Ni.jpg'],1,0,0,[],[],https://twitter.com/ngiqiq/status/1345687888839675904,False,,1,https://pbs.twimg.com/media/EqzX_lcUUAEa1Ni.jpg,,,,,,,"[{'screen_name': 'albenft', 'name': 'üíªworkaholicüíº (harapannya)', 'id': '308473841'}]",,,,
1345649542444666880,1344619994844336129,2021-01-03 16:33:46 WITA,2021-01-03,16:33:46,+0800,1929502170,ngiqiq,putrahadisyah,,"@dwikitaufikwcks turut berduka Dwikiiiii, semoga diterima semua amal ibadah almarhum dan diampuni dosa2nya, aamiin",in,[],[],[],0,0,0,[],[],https://twitter.com/ngiqiq/status/1345649542444666880,False,,0,,,,,,,,"[{'screen_name': 'dwikitaufikwcks', 'name': 'wik', 'id': '341851110'}]",,,,
1344914061411008514,1344881563138367489,2021-01-01 15:51:14 WITA,2021-01-01,15:51:14,+0800,1929502170,ngiqiq,putrahadisyah,,@albenft @asepwhite yakin?,in,[],[],[],1,0,0,[],[],https://twitter.com/ngiqiq/status/1344914061411008514,False,,0,,,,,,,,"[{'screen_name': 'albenft', 'name': 'üíªworkaholicüíº (harapannya)', 'id': '308473841'}, {'screen_name': 'asepwhite', 'name': 'Akbar Septriyan', 'id': '597311911'}]",,,,
1344304054441152514,1344304054441152514,2020-12-30 23:27:17 WITA,2020-12-30,23:27:17,+0800,1929502170,ngiqiq,putrahadisyah,, https://t.co/HZwJIkEySv  dbest,en,[],['https://www.youtube.com/watch?v=Cz__09kv07s&list=RDCz__09kv07s&start_radio=1'],[],0,0,0,[],[],https://twitter.com/ngiqiq/status/1344304054441152514,False,,0,,,,,,,,[],,,,
1344275174892261376,1344239180537241603,2020-12-30 21:32:31 WITA,2020-12-30,21:32:31,+0800,1929502170,ngiqiq,putrahadisyah,,"@lavenderlove24 Alhamdulillah, congrats Liii, semoga betah di tempat yg baru",in,[],[],[],1,0,0,[],[],https://twitter.com/ngiqiq/status/1344275174892261376,False,,0,,,,,,,,"[{'screen_name': 'lavenderlove24', 'name': 'Lia Noonanya Shotaro', 'id': '824535494'}]",,,,
1344222565020024832,1344213755450675203,2020-12-30 18:03:28 WITA,2020-12-30,18:03:28,+0800,1929502170,ngiqiq,putrahadisyah,,@albenft Join riba2 club auto kaya,tl,[],[],[],1,0,0,[],[],https://twitter.com/ngiqiq/status/1344222565020024832,False,,0,,,,,,,,"[{'screen_name': 'albenft', 'name': 'üíªworkaholicüíº (harapannya)', 'id': '308473841'}]",,,,
1344116499930173440,1344102751958024192,2020-12-30 11:02:00 WITA,2020-12-30,11:02:00,+0800,1929502170,ngiqiq,putrahadisyah,,"@albenft Hahaaai, mantap Ben",in,[],[],[],0,0,0,[],[],https://twitter.com/ngiqiq/status/1344116499930173440,False,,0,,,,,,,,"[{'screen_name': 'albenft', 'name': 'üíªworkaholicüíº (harapannya)', 'id': '308473841'}]",,,,
1343896629674266624,1343821300637134848,2020-12-29 20:28:19 WITA,2020-12-29,20:28:19,+0800,1929502170,ngiqiq,putrahadisyah,,"@dityaayunatalia Hahahaha, skuy gas",tl,[],[],[],0,0,0,[],[],https://twitter.com/ngiqiq/status/1343896629674266624,False,,0,,,,,,,,"[{'screen_name': 'dityaayunatalia', 'name': 'Ditya', 'id': '290317981'}]",,,,
1343821300637134848,1343821300637134848,2020-12-29 15:28:59 WITA,2020-12-29,15:28:59,+0800,1929502170,ngiqiq,putrahadisyah,,"WOOOOOW, hehe",tl,[],[],[],1,0,0,[],[],https://twitter.com/ngiqiq/status/1343821300637134848,False,https://twitter.com/kompascom/status/1343739532206731265,0,,,,,,,,[],,,,
1343581256223580161,1343565780722491393,2020-12-28 23:35:08 WITA,2020-12-28,23:35:08,+0800,1929502170,ngiqiq,putrahadisyah,,@puttrickstar @asepwhite @albenft WALAIKUMSALAM UGH TEA,in,[],[],[],1,0,1,[],[],https://twitter.com/ngiqiq/status/1343581256223580161,False,,0,,,,,,,,"[{'screen_name': 'puttrickstar', 'name': '‚≠êÔ∏èü§î P3K (Pe-Three-K)', 'id': '67809420'}, {'screen_name': 'asepwhite', 'name': 'Akbar Septriyan', 'id': '597311911'}, {'screen_name': 'albenft', 'name': 'üíªworkaholicüíº (harapannya)', 'id': '308473841'}]",,,,
1343579712665227266,1343565780722491393,2020-12-28 23:29:00 WITA,2020-12-28,23:29:00,+0800,1929502170,ngiqiq,putrahadisyah,,"@albenft @asepwhite Eaaaaaa, lgs senior laaah",in,[],[],[],1,0,0,[],[],https://twitter.com/ngiqiq/status/1343579712665227266,False,,0,,,,,,,,"[{'screen_name': 'albenft', 'name': 'üíªworkaholicüíº (harapannya)', 'id': '308473841'}, {'screen_name': 'asepwhite', 'name': 'Akbar Septriyan', 'id': '597311911'}]",,,,
1341406600209297412,1341406600209297412,2020-12-22 23:33:50 WITA,2020-12-22,23:33:50,+0800,1929502170,ngiqiq,putrahadisyah,, https://t.co/3PAeEpalK0,und,[],[],['https://pbs.twimg.com/tweet_video_thumb/Ep2iLstXEAovDw1.jpg'],0,0,0,[],[],https://twitter.com/ngiqiq/status/1341406600209297412,False,https://twitter.com/svpino/status/1341295157451186177,1,https://pbs.twimg.com/tweet_video_thumb/Ep2iLstXEAovDw1.jpg,,,,,,,[],,,,
1341284705354670080,1341284705354670080,2020-12-22 15:29:28 WITA,2020-12-22,15:29:28,+0800,1929502170,ngiqiq,putrahadisyah,,"come to me, holidaaay, wokwokwok",en,[],[],[],0,0,2,[],[],https://twitter.com/ngiqiq/status/1341284705354670080,False,,0,,,,,,,,[],,,,
1341216297648984065,1341216297648984065,2020-12-22 10:57:38 WITA,2020-12-22,10:57:38,+0800,1929502170,ngiqiq,putrahadisyah,,"Repot jg ya yg jadi pembimbing tugas akhir, wkwkw, anaknya banyak",in,[],[],[],0,0,1,[],[],https://twitter.com/ngiqiq/status/1341216297648984065,False,https://twitter.com/ace_yoga_m/status/1341039585074167808,0,,,,,,,,[],,,,
1340916766289973249,1340860640240443393,2020-12-21 15:07:24 WITA,2020-12-21,15:07:24,+0800,1929502170,ngiqiq,putrahadisyah,,"@albenft @iniakuenun Mantap bener sekali saudara Alben, terima kasih atas pencerahannya",in,[],[],[],0,0,0,[],[],https://twitter.com/ngiqiq/status/1340916766289973249,False,,0,,,,,,,,"[{'screen_name': 'albenft', 'name': 'üíªworkaholicüíº (harapannya)', 'id': '308473841'}, {'screen_name': 'iniakuenun', 'name': 'Aku Enun. Kita temen?', 'id': '159759174'}]",,,,
1340869672061693952,1340860640240443393,2020-12-21 12:00:16 WITA,2020-12-21,12:00:16,+0800,1929502170,ngiqiq,putrahadisyah,,"@iniakuenun Ya ampun, sdh jualan pempek, skrang ku jualan bubur, bisa2 ku jual dunia n seisinya",in,[],[],[],1,0,0,[],[],https://twitter.com/ngiqiq/status/1340869672061693952,False,,0,,,,,,,,"[{'screen_name': 'iniakuenun', 'name': 'Aku Enun. Kita temen?', 'id': '159759174'}]",,,,
1339115596567302151,1339115596567302151,2020-12-16 15:50:12 WITA,2020-12-16,15:50:12,+0800,1929502170,ngiqiq,putrahadisyah,,Mantap,in,[],[],[],0,0,0,[],[],https://twitter.com/ngiqiq/status/1339115596567302151,False,https://twitter.com/asumsico/status/1339102852988379136,0,,,,,,,,[],,,,
1339076723023855616,1338717792883773443,2020-12-16 13:15:44 WITA,2020-12-16,13:15:44,+0800,1929502170,ngiqiq,putrahadisyah,,@riricah Bukan penikmat senja,in,[],[],[],0,0,0,[],[],https://twitter.com/ngiqiq/status/1339076723023855616,False,,0,,,,,,,,"[{'screen_name': 'riricah', 'name': 'sad girl', 'id': '244810647'}]",,,,
1338836140997001216,1338781946004951040,2020-12-15 21:19:45 WITA,2020-12-15,21:19:45,+0800,1929502170,ngiqiq,putrahadisyah,,"@ninanursita Mantaaap, yg gni2 niiii",in,[],[],[],1,0,0,[],[],https://twitter.com/ngiqiq/status/1338836140997001216,False,,0,,,,,,,,"[{'screen_name': 'ninanursita', 'name': 'Nina N. Ramadhan', 'id': '1008595763234988032'}]",,,,
1338836009056792577,1338781946004951040,2020-12-15 21:19:13 WITA,2020-12-15,21:19:13,+0800,1929502170,ngiqiq,putrahadisyah,,"@ochroooo Iyaaah, skrang udh engga terlalu overthink untungnya Tanteee, but thank youuuu",in,[],[],[],1,0,0,[],[],https://twitter.com/ngiqiq/status/1338836009056792577,False,,0,,,,,,,,"[{'screen_name': 'ochroooo', 'name': 'üçµ', 'id': '261113745'}]",,,,
1338835814969614337,1338781946004951040,2020-12-15 21:18:27 WITA,2020-12-15,21:18:27,+0800,1929502170,ngiqiq,putrahadisyah,,"@Chasiatiramadan Beeneeer, kadang cuman pengen critanya ke org2 yg plg deket ajaaaa",in,[],[],[],0,0,0,[],[],https://twitter.com/ngiqiq/status/1338835814969614337,False,,0,,,,,,,,"[{'screen_name': 'Chasiatiramadan', 'name': 'Chasiati Rahmadana', 'id': '162369120'}]",,,,
1338781946004951040,1338781946004951040,2020-12-15 17:44:23 WITA,2020-12-15,17:44:23,+0800,1929502170,ngiqiq,putrahadisyah,,Ketika overthinking tengah malam tp engga punya temen cerita,in,[],[],[],4,0,4,[],[],https://twitter.com/ngiqiq/status/1338781946004951040,False,https://twitter.com/sstrongerrr/status/1338090435881783297,0,,,,,,,,[],,,,
1338747665526341633,1338717792883773443,2020-12-15 15:28:10 WITA,2020-12-15,15:28:10,+0800,1929502170,ngiqiq,putrahadisyah,,"@AmiraLuthfia Hiks,nminum kopi dah kek nyari jodoh ya, cocok2an",in,[],[],[],1,0,0,[],[],https://twitter.com/ngiqiq/status/1338747665526341633,False,,0,,,,,,,,"[{'screen_name': 'AmiraLuthfia', 'name': 'ƒÄmƒ´rƒÅ‚ôö', 'id': '318973989'}]",,,,
1338726583637405697,1338717792883773443,2020-12-15 14:04:24 WITA,2020-12-15,14:04:24,+0800,1929502170,ngiqiq,putrahadisyah,,@dioclaudio18 Bapak2 hamil,in,[],[],[],1,0,0,[],[],https://twitter.com/ngiqiq/status/1338726583637405697,False,,0,,,,,,,,"[{'screen_name': 'dioclaudio18', 'name': 'dio', 'id': '434073867'}]",,,,
1338726508605493256,1338717792883773443,2020-12-15 14:04:06 WITA,2020-12-15,14:04:06,+0800,1929502170,ngiqiq,putrahadisyah,,"@WadaNiswah Hiks, padahal zaman kuliah msh kuat2 aja minum kopi",in,[],[],[],0,0,0,[],[],https://twitter.com/ngiqiq/status/1338726508605493256,False,,0,,,,,,,,"[{'screen_name': 'WadaNiswah', 'name': 'MN', 'id': '86656705'}]",,,,
1338717792883773443,1338717792883773443,2020-12-15 13:29:28 WITA,2020-12-15,13:29:28,+0800,1929502170,ngiqiq,putrahadisyah,,Kenapa sehabis minum kopi rasanya mual ya,in,[],[],[],4,0,0,[],[],https://twitter.com/ngiqiq/status/1338717792883773443,False,,0,,,,,,,,[],,,,
1338717492311588864,1338715022030094337,2020-12-15 13:28:16 WITA,2020-12-15,13:28:16,+0800,1929502170,ngiqiq,putrahadisyah,,@rafizaladnan Saatnya mencari sugar mom,in,[],[],[],2,0,0,[],[],https://twitter.com/ngiqiq/status/1338717492311588864,False,,0,,,,,,,,[],,,,
1338325969011056641,1338315501345275904,2020-12-14 11:32:30 WITA,2020-12-14,11:32:30,+0800,1929502170,ngiqiq,putrahadisyah,,@albenft Panasin dlu di microwave makin mantep,in,[],[],[],0,0,0,[],[],https://twitter.com/ngiqiq/status/1338325969011056641,False,,0,,,,,,,,"[{'screen_name': 'albenft', 'name': 'üíªworkaholicüíº (harapannya)', 'id': '308473841'}]",,,,
1338098650422001664,1338038230860513283,2020-12-13 20:29:13 WITA,2020-12-13,20:29:13,+0800,1929502170,ngiqiq,putrahadisyah,,"@inaninani @iniakuenun Hahahah, jd rich dlu ya Na",in,[],[],[],0,0,0,[],[],https://twitter.com/ngiqiq/status/1338098650422001664,False,,0,,,,,,,,"[{'screen_name': 'inaninani', 'name': 'Siti Ina Sakinah', 'id': '63650158'}, {'screen_name': 'iniakuenun', 'name': 'Aku Enun. Kita temen?', 'id': '159759174'}]",,,,
1338073014034808832,1338038230860513283,2020-12-13 18:47:21 WITA,2020-12-13,18:47:21,+0800,1929502170,ngiqiq,putrahadisyah,,@iniakuenun Andai aktivitas rebahan bsa dijadikan sebuah profesi yg menghasilkan uang ya,in,[],[],[],1,0,0,[],[],https://twitter.com/ngiqiq/status/1338073014034808832,False,,0,,,,,,,,"[{'screen_name': 'iniakuenun', 'name': 'Aku Enun. Kita temen?', 'id': '159759174'}]",,,,
1338072027140247552,1338066500402331649,2020-12-13 18:43:26 WITA,2020-12-13,18:43:26,+0800,1929502170,ngiqiq,putrahadisyah,,@rafizaladnan @ibnusfirdaus_ Jgn lupa temen ya kalau dh jd menteri,in,[],[],[],0,0,0,[],[],https://twitter.com/ngiqiq/status/1338072027140247552,False,,0,,,,,,,,"[{'screen_name': 'ibnusfirdaus_', 'name': 'Ibnu Firdaus', 'id': '1065443996455989250'}]",,,,
1338066500402331649,1338066500402331649,2020-12-13 18:21:28 WITA,2020-12-13,18:21:28,+0800,1929502170,ngiqiq,putrahadisyah,,Aamiin  https://t.co/4YXmIz7jsC,fi,[],[],['https://pbs.twimg.com/media/EpHEY_iU8AAA7Um.jpg'],1,0,1,[],[],https://twitter.com/ngiqiq/status/1338066500402331649,False,https://twitter.com/narasitv/status/1337253489957765120,1,https://pbs.twimg.com/media/EpHEY_iU8AAA7Um.jpg,,,,,,,[],,,,
1338038230860513283,1338038230860513283,2020-12-13 16:29:08 WITA,2020-12-13,16:29:08,+0800,1929502170,ngiqiq,putrahadisyah,,Kenapa rebahan itu nikmat sekali,in,[],[],[],1,0,0,[],[],https://twitter.com/ngiqiq/status/1338038230860513283,False,,0,,,,,,,,[],,,,
1338008797873201154,1338008797873201154,2020-12-13 14:32:11 WITA,2020-12-13,14:32:11,+0800,1929502170,ngiqiq,putrahadisyah,,Buset gue jantungan liatnya,in,[],[],[],0,0,1,[],[],https://twitter.com/ngiqiq/status/1338008797873201154,False,https://twitter.com/kochengfess/status/1337768549159378946,0,,,,,,,,[],,,,
1337686713230008320,1337614017246842881,2020-12-12 17:12:20 WITA,2020-12-12,17:12:20,+0800,1929502170,ngiqiq,putrahadisyah,,@iniakuenun  https://t.co/2zb24cI2wm,und,[],[],['https://pbs.twimg.com/tweet_video_thumb/EpBq9k4U8AATVXb.jpg'],0,0,0,[],[],https://twitter.com/ngiqiq/status/1337686713230008320,False,,1,https://pbs.twimg.com/tweet_video_thumb/EpBq9k4U8AATVXb.jpg,,,,,,,[],,,,
1337637321068273664,1337614017246842881,2020-12-12 13:56:04 WITA,2020-12-12,13:56:04,+0800,1929502170,ngiqiq,putrahadisyah,,@astmdwryo Politik 1 - 0 Kesehatan,in,[],[],[],0,0,0,[],[],https://twitter.com/ngiqiq/status/1337637321068273664,False,,0,,,,,,,,"[{'screen_name': 'astmdwryo', 'name': 'Ay.', 'id': '98870809'}]",,,,
1337614017246842881,1337614017246842881,2020-12-12 12:23:28 WITA,2020-12-12,12:23:28,+0800,1929502170,ngiqiq,putrahadisyah,,Ikan hiu makan tomat,in,[],[],[],2,0,0,[],[],https://twitter.com/ngiqiq/status/1337614017246842881,False,https://twitter.com/txtdaritng/status/1337399611334434818,0,,,,,,,,[],,,,
